study number,participants_total,participants_manual_clean,raw_icu mortality,icu mortality_numerator,icu mortality_denominator,icu mortality_proportion,icu mortality_method,icu mortality_manual_clean,raw_28d mortality,28d mortality_numerator,28d mortality_denominator,28d mortality_proportion,28d mortality_method,28d mortality_manual_clean,raw_30d mortality,30d mortality_numerator,30d mortality_denominator,30d mortality_proportion,30d mortality_method,30d mortality_manual_clean,raw_60d mortality,60d mortality_numerator,60d mortality_denominator,60d mortality_proportion,60d mortality_method,60d mortality_manual_clean,raw_90d mortality,90d mortality_numerator,90d mortality_denominator,90d mortality_proportion,90d mortality_method,90d mortality_manual_clean,raw_hospital mortality,hospital mortality_numerator,hospital mortality_denominator,hospital mortality_proportion,hospital mortality_method,hospital mortality_manual_clean,raw_mechnical ventilation (proportion requiring),mechnical ventilation (proportion requiring)_numerator,mechnical ventilation (proportion requiring)_denominator,mechnical ventilation (proportion requiring)_proportion,mechnical ventilation (proportion requiring)_method,mechnical ventilation (proportion requiring)_manual_clean,raw_niv (proportion requiring),niv (proportion requiring)_numerator,niv (proportion requiring)_denominator,niv (proportion requiring)_proportion,niv (proportion requiring)_method,niv (proportion requiring)_manual_clean,raw_ecmo (proportion requiring),ecmo (proportion requiring)_numerator,ecmo (proportion requiring)_denominator,ecmo (proportion requiring)_proportion,ecmo (proportion requiring)_method,ecmo (proportion requiring)_manual_clean,raw_rrt (proportion requiring),rrt (proportion requiring)_numerator,rrt (proportion requiring)_denominator,rrt (proportion requiring)_proportion,rrt (proportion requiring)_method,rrt (proportion requiring)_manual_clean,raw_vasopressor / inotropic support (proportion requiring),vasopressor / inotropic support (proportion requiring)_numerator,vasopressor / inotropic support (proportion requiring)_denominator,vasopressor / inotropic support (proportion requiring)_proportion,vasopressor / inotropic support (proportion requiring)_method,vasopressor / inotropic support (proportion requiring)_manual_clean,raw_septic shock (proportion with),septic shock (proportion with)_numerator,septic shock (proportion with)_denominator,septic shock (proportion with)_proportion,septic shock (proportion with)_method,septic shock (proportion with)_manual_clean,raw_respiratory failure (proportion with),respiratory failure (proportion with)_numerator,respiratory failure (proportion with)_denominator,respiratory failure (proportion with)_proportion,respiratory failure (proportion with)_method,respiratory failure (proportion with)_manual_clean,raw_ards (proportion with),ards (proportion with)_numerator,ards (proportion with)_denominator,ards (proportion with)_proportion,ards (proportion with)_method,ards (proportion with)_manual_clean,raw_copd,copd_numerator,copd_denominator,copd_proportion,copd_method,copd_manual_clean,raw_smokers,smokers_numerator,smokers_denominator,smokers_proportion,smokers_method,smokers_manual_clean,raw_diabetes,diabetes_numerator,diabetes_denominator,diabetes_proportion,diabetes_method,diabetes_manual_clean
1.0,86.0,False,,,,,empty,False,,,,,empty,False,n=31/86,31.0,86.0,0.36046511627906974,fraction,False,,,,,empty,False,,,,,empty,False,,,,,empty,False,"49, (57) n, (%)",,,,unparseable,True,,,,,empty,False,,,,,empty,False,"21, (24.4) n, (%)",,,,unparseable,True,"vasoactive drugs 39, (45.3); inotropic drugs 16, (18.6) both n, (%)",,,,unparseable,True,sepsis 15 (17.4); shock 20 (23.2) both n (%),,,,unparseable,True,77 (89.5) n (%),,,,unparseable,True,,,,,empty,False,,,,,empty,False,,,,,empty,False,5 (5.8) n (%),,,,unparseable,True
2.0,40.0,False,n=10,10.0,40.0,0.25,n_equals_only_backcalc,True,,,,,empty,False,,,,,empty,False,,,,,empty,False,,,,,empty,False,n=5,5.0,40.0,0.125,n_equals_only_backcalc,True,,,,,empty,False,,,,,empty,False,,,,,empty,False,,,,,empty,False,,,,,empty,False,n=13 (32.5%),13.0,40.0,0.325,count_with_pct,False,,,,,empty,False,,,,,empty,False,15/40 (37.5%),15.0,40.0,0.375,fraction,False,,,,,empty,False,14/40 (35.0%),14.0,40.0,0.35,fraction,False
3.0,63.0,False,,,,,empty,False,n=14,14.0,63.0,0.2222222222222222,n_equals_only_backcalc,True,,,,,empty,False,,,,,empty,False,,,,,empty,False,,,,,empty,False,,,,,empty,False,,,,,empty,False,,,,,empty,False,,,,,empty,False,,,,,empty,False,n=26 (41.3%),26.0,63.0,0.4126984126984127,count_with_pct,False,,,,,empty,False,,,,,empty,False,"reports ""chronic lung disease""",,,,descriptive_text,True,,,,,empty,False,20/63 (31.7%),20.0,63.0,0.31746031746031744,fraction,False
4.0,575.0,False,total n=125/575 (development cohort: 97/455 (21.3%); external validation cohort: 28/120 (23.3%)),125.0,575.0,0.21739130434782608,fraction_compound,False,,,,,empty,False,,,,,empty,False,,,,,empty,False,,,,,empty,False,,,,,empty,False,time days(d) mean ± SD: Development cohort d=7.49 ± 10.40; validation cohort d=6.02 ± 5.06; development non-survival cohort d=8.33 ± 11.47; development survival group d=7.26 ± 10.10,,,,unparseable,True,,,,,empty,False,,,,,empty,False,,,,,empty,False,,,,,empty,False,Development cohort: 277/455 (60.9%); Validation cohort: 34/120 (28.3%); development non-survival cohort n=88 (90.72%); development survivor cohort n=189 (52.79%),277.0,455.0,0.6087912087912087,fraction_compound,False,,,,,empty,False,,,,,empty,False,,,,,empty,False,,,,,empty,False,107/575 (18.61%),107.0,575.0,0.18608695652173912,fraction,False
5.0,77.0,False,,,,,empty,False,,,,,empty,False,,,,,empty,False,,,,,empty,False,,,,,empty,False,28/77 (36.36%),28.0,77.0,0.36363636363636365,fraction,False,,,,,empty,False,,,,,empty,False,,,,,empty,False,,,,,empty,False,,,,,empty,False,,,,,empty,False,,,,,empty,False,,,,,empty,False,4/77 (5.19%),4.0,77.0,0.05194805194805195,fraction,False,,,,,empty,False,21/77 (27.27%),21.0,77.0,0.2727272727272727,fraction,False
6.0,24422.0,False,,,,,empty,False,,,,,empty,False,,,,,empty,False,,,,,empty,False,,,,,empty,False,n=3881 (15.89%),3881.0,24424.0,0.15890108090402882,count_with_pct,False,,,,,empty,False,,,,,empty,False,,,,,empty,False,,,,,empty,False,,,,,empty,False,,,,,empty,False,,,,,empty,False,,,,,empty,False,3151/24422 (12.90%),3151.0,24422.0,0.1290230120383261,fraction,False,4474/24422 (18.32%),4474.0,24422.0,0.1831954794857096,fraction,False,3831/24422 (15.69%),3831.0,24422.0,0.15686675947915812,fraction,False
7.0,257.0,False,n=101 / 257 (39.3%) (Men: 62 / 176 (35%); Women: 39 / 81 (48%)),101.0,257.0,0.39299610894941633,fraction_compound,False,,,,,empty,False,,,,,empty,False,,,,,empty,False,,,,,empty,False,,,,,empty,False,257 / 257 (100%) (all patients invasively mechanically ventilated ≥48 h),257.0,257.0,1.0,fraction,False,,,,,empty,False,,,,,empty,False,,,,,empty,False,,,,,empty,False,125 / 257 (50.6%),125.0,257.0,0.48638132295719844,fraction,False,257 / 257 (100%) (implied by invasive mechanical ventilation),257.0,257.0,1.0,fraction,False,,,,,empty,False,74/257 (28.8%),74.0,257.0,0.28793774319066145,fraction,False,,,,,empty,False,38/257 (14.8%),38.0,257.0,0.14785992217898833,fraction,False
8.0,158.0,False,,,,,empty,False,,,,,empty,False,n=112/158 (70.9%),112.0,158.0,0.7088607594936709,fraction,False,,,,,empty,False,,,,,empty,False,,,,,empty,False,,,,,empty,False,,,,,empty,False,,,,,empty,False,,,,,empty,False,,,,,empty,False,,,,,empty,False,,,,,empty,False,,,,,empty,False,,,,,empty,False,,,,,empty,False,,,,,empty,False
14.0,129.0,False,,,,,empty,False,,,,,empty,False,n=56/129 (43.4%),56.0,129.0,0.43410852713178294,fraction,False,,,,,empty,False,,,,,empty,False,,,,,empty,False,,,,,empty,False,,,,,empty,False,,,,,empty,False,,,,,empty,False,,,,,empty,False,,,,,empty,False,,,,,empty,False,,,,,empty,False,,,,,empty,False,,,,,empty,False,,,,,empty,False
17.0,108.0,False,,,,,empty,False,,,,,empty,False,,,,,empty,False,,,,,empty,False,,,,,empty,False,n=30/108,30.0,108.0,0.2777777777777778,fraction,False,n=57/108,57.0,108.0,0.5277777777777778,fraction,False,,,,,empty,False,,,,,empty,False,,,,,empty,False,Noradrenaline use n= 49/107,49.0,107.0,0.45794392523364486,fraction,False,,,,,empty,False,,,,,empty,False,n=44/57,44.0,57.0,0.7719298245614035,fraction,False,32/106 (30.2%),32.0,106.0,0.3018867924528302,fraction,False,39/97 (40.2%),39.0,97.0,0.4020618556701031,fraction,False,27/106 (25.5%),27.0,106.0,0.25471698113207547,fraction,False
18.0,72107.0,False,,,,,empty,False,,,,,empty,False,,,,,empty,False,,,,,empty,False,,,,,empty,False,n=13901/72107,13901.0,72107.0,0.19278294756403677,fraction,False,n=72107/72107 (inclusion criterion: all patients required MV),72107.0,72107.0,1.0,fraction,False,,,,,empty,False,n= 188/72107,188.0,72107.0,0.0026072364680266827,fraction,False,n=5648/72107,5648.0,72107.0,0.07832804027348246,fraction,False,n=29106/72107,29106.0,72107.0,0.40365013105523734,fraction,False,,,,,empty,False,"Implicit (n=72107, all patients mechanically ventilated0, explicitly not reported",,,,descriptive_text,True,n=1924/72107,1924.0,72107.0,0.026682568960017753,fraction,False,32439/72107 (45.0%),32439.0,72107.0,0.44987310524637,fraction,False,,,,,empty,False,25781/72107 (35.8%),25781.0,72107.0,0.35753810309678674,fraction,False
19.0,230.0,False,,,,,empty,False,"?n= 92/230 (reported as 1 month mortality, not explicity as 28 day mortality … could be 30 day mortality)",92.0,230.0,0.4,fraction,False,?See 28d mortality column <--,,,,unparseable,True,,,,,empty,False,n=118/230,118.0,230.0,0.5130434782608696,fraction,False,,,,,empty,False,Any MV n=142/230; invasive MV n= 128/230,142.0,230.0,0.6173913043478261,fraction_compound,False,n=14/230,14.0,230.0,0.06086956521739131,fraction,False,,,,,empty,False,n=36/230,36.0,230.0,0.1565217391304348,fraction,False,n=146/230,146.0,230.0,0.6347826086956522,fraction,False,n=84/230,84.0,230.0,0.3652173913043478,fraction,False,,,,,empty,False,,,,,empty,False,,,,,empty,False,,,,,empty,False,,,,,empty,False
22.0,778.0,False,,,,,empty,False,,,,,empty,False,"NB: in-hospital mortality is reported over a 30d observation period, so may be more appropraite to report as 30d mortality??",,,,descriptive_text,True,,,,,empty,False,,,,,empty,False,n=337/778 (over 30d observation period),337.0,778.0,0.43316195372750643,fraction,False,n=607/778 (unclear whether invasive or non-invasive),607.0,778.0,0.7802056555269923,fraction,False,,,,,empty,False,n=11/778,11.0,778.0,0.014138817480719794,fraction,False,,,,,empty,False,n=670/778,670.0,778.0,0.8611825192802056,fraction,False,,,,,empty,False,"Implied 100% from inclusion criteria "" Inclusion criteria were: patients aged ≥ 18 years presenting with respiratory failure attributable to severe pneumonia necessitating ICU admission.""",778.0,778.0,1.0,explicit_100pct_backcalc,False,,,,,empty,False,"Chronic respiratory disease"" 57/778 (7.3%)",57.0,778.0,0.07326478149100257,fraction,False,current smoker 512/778 (65.8%); ex-smoker 225/778 (28.9%),512.0,778.0,0.6580976863753213,fraction_compound,False,304/778 (39.1%),304.0,778.0,0.390745501285347,fraction,False
25.0,2006.0,False,,,,,empty,False,,,,,empty,False,n=53/204,53.0,204.0,0.25980392156862747,fraction,False,,,,,empty,False,,,,,empty,False,,,,,empty,False,invasive MV n=70/204,70.0,204.0,0.3431372549019608,fraction,False,,,,,empty,False,,,,,empty,False,,,,,empty,False,"n=57/204 ""Septic shock was defined as a systolic blood pressure of <90 mmHg and peripheral hypoperfusion with the need for vasopressors for >4 h after fluid resuscitation.",57.0,204.0,0.27941176470588236,fraction,False,n=57/204,57.0,204.0,0.27941176470588236,fraction,False,,,,,empty,False,n=35/204,35.0,204.0,0.1715686274509804,fraction,False,"""Chronic respiratory disease"" 80/204 (39.2%)",80.0,204.0,0.39215686274509803,fraction,False,21/204 (10.3%),21.0,204.0,0.10294117647058823,fraction,False,63/204 (31.0%),63.0,204.0,0.3088235294117647,fraction,False
26.0,262.0,False,42 / 262,42.0,262.0,0.16030534351145037,fraction,False,,,,,empty,False,12 / 88 (14%) among patients undergoing lumbar puncture,12.0,88.0,0.13636363636363635,fraction,False,,,,,empty,False,Overall: 14 / 88 (16%) among patients undergoing lumbar puncture,14.0,88.0,0.1590909090909091,fraction,False,52/262,52.0,262.0,0.1984732824427481,fraction,False,155 / 262,155.0,262.0,0.5916030534351145,fraction,False,,,,,empty,False,,,,,empty,False,43 / 262,43.0,262.0,0.16412213740458015,fraction,False,78 / 262,78.0,262.0,0.29770992366412213,fraction,False,78 / 262,78.0,262.0,0.29770992366412213,fraction,False,,,,,empty,False,155 / 262,155.0,262.0,0.5916030534351145,fraction,False,"""Chronic respiratory disease"" 80/262 (30.5%)",80.0,262.0,0.3053435114503817,fraction,False,132/262 (50.4%),132.0,262.0,0.5038167938931297,fraction,False,32/262 (12.2%),32.0,262.0,0.12213740458015267,fraction,False
30.0,393.0,False,162/393,162.0,393.0,0.4122137404580153,fraction,False,,,,,empty,False,,,,,empty,False,,,,,empty,False,,,,,empty,False,,,,,empty,False,218/393 (invasive),218.0,393.0,0.55470737913486,fraction,False,,,,,empty,False,,,,,empty,False,,,,,empty,False,,,,,empty,False,,,,,empty,False,,,,,empty,False,,,,,empty,False,"""Chronic lung disease"" 95/393 (24.2%)",95.0,393.0,0.24173027989821882,fraction,False,,,,,empty,False,192/393 (48.9%),192.0,393.0,0.48854961832061067,fraction,False
31.0,2275.0,False,792/2275,792.0,2275.0,0.34813186813186814,fraction,False,,,,,empty,False,,,,,empty,False,,,,,empty,False,,,,,empty,False,925/2275,925.0,2275.0,0.4065934065934066,fraction,False,,,,,empty,False,,,,,empty,False,,,,,empty,False,,,,,empty,False,1417/2275,1417.0,2275.0,0.6228571428571429,fraction,False,,,,,empty,False,,,,,empty,False,,,,,empty,False,"""chronic pulmonary diseases"" 586/2275 (25.8%)",586.0,2275.0,0.25758241758241757,fraction,False,,,,,empty,False,373/2275 (16.4%),373.0,2275.0,0.16395604395604396,fraction,False
32.0,137.0,False,19/137,19.0,137.0,0.1386861313868613,fraction,False,,,,,empty,False,,,,,empty,False,,,,,empty,False,24/137,24.0,137.0,0.17518248175182483,fraction,False,23/137,23.0,137.0,0.1678832116788321,fraction,False,invasive MV = 58/137,58.0,137.0,0.4233576642335766,fraction,False,13/137,13.0,137.0,0.0948905109489051,fraction,False,4/137,4.0,137.0,0.029197080291970802,fraction,False,11/137,11.0,137.0,0.08029197080291971,fraction,False,63/137,63.0,137.0,0.45985401459854014,fraction,False,,,,,empty,False,,,,,empty,False,51/137,51.0,137.0,0.3722627737226277,fraction,False,"""chronic respiratory disease"" 49/137 (35.8%)",49.0,137.0,0.35766423357664234,fraction,False,,,,,empty,False,35/137 (25.6%),35.0,137.0,0.25547445255474455,fraction,False
34.0,873.0,False,319/873,319.0,873.0,0.3654066437571592,fraction,False,,,,,empty,False,,,,,empty,False,,,,,empty,False,,,,,empty,False,361/873,361.0,873.0,0.413516609392898,fraction,False,,,,,empty,False,,,,,empty,False,,,,,empty,False,,,,,empty,False,,,,,empty,False,,,,,empty,False,,,,,empty,False,,,,,empty,False,873/873 (100%),873.0,873.0,1.0,fraction,False,,,,,empty,False,136/873 (15.6%),136.0,873.0,0.15578465063001146,fraction,False
39.0,614.0,False,,,,,empty,False,,,,,empty,False,,,,,empty,False,,,,,empty,False,,,,,empty,False,116/614,116.0,614.0,0.18892508143322476,fraction,False,invasive MV = 307/614,307.0,614.0,0.5,fraction,False,171/614,171.0,614.0,0.2785016286644951,fraction,False,,,,,empty,False,22/614,22.0,614.0,0.035830618892508145,fraction,False,278/614,278.0,614.0,0.4527687296416938,fraction,False,,,,,empty,False,,,,,empty,False,,,,,empty,False,,,,,empty,False,,,,,empty,False,,,,,empty,False
81.0,77.0,False,,,,,empty,False,,,,,empty,False,,,,,empty,False,,,,,empty,False,,,,,empty,False,0.15584415584415584,12.0,77.0,0.15584415584415584,decimal_proportion_backcalc,True,0.753,58.0,77.0,0.753,decimal_proportion_backcalc,False,0.597,46.0,77.0,0.597,decimal_proportion_backcalc,False,,,,,empty,False,,,,,empty,False,,,,,empty,False,0.442,34.0,77.0,0.442,decimal_proportion_backcalc,False,,,,,empty,False,0.043,3.0,77.0,0.043,decimal_proportion_backcalc,False,14/77 (18.2),14.0,77.0,0.18181818181818182,fraction,False,,,,,empty,False,,,,,empty,False
82.0,209.0,False,,,,,empty,False,,,,,empty,False,,,,,empty,False,,,,,empty,False,,,,,empty,False,0.3684210526315789,77.0,209.0,0.3684210526315789,decimal_proportion_backcalc,True,92/209,92.0,209.0,0.44019138755980863,fraction,False,117/209,117.0,209.0,0.5598086124401914,fraction,False,,,,,empty,False,,,,,empty,False,,,,,empty,False,,,,,empty,False,209/209,209.0,209.0,1.0,fraction,False,,,,,empty,False,49/209 (23.4),49.0,209.0,0.23444976076555024,fraction,False,,,,,empty,False,,,,,empty,False
84.0,1166.0,False,0.19039451114922812,222.0,1166.0,0.19039451114922812,decimal_proportion_backcalc,True,0.1732418524871355,202.0,1166.0,0.1732418524871355,decimal_proportion_backcalc,True,,,,,empty,False,,,,,empty,False,,,,,empty,False,0.2444253859348199,285.0,1166.0,0.2444253859348199,decimal_proportion_backcalc,True,Median duration of mechanical ventilation was 7 days,,,,unparseable,True,,,,,empty,False,,,,,empty,False,Renal replacement therapy was required during the first week of admission in 10% of patients.,,,,unparseable,True,median duration of inotrope/vasopressor support was 3 days,,,,unparseable,True,573 patients (49%) satisfied the criteria for septic shock,,,,unparseable,True,,,,,empty,False,,,,,empty,False,278 (23.8%),278.0,1168.0,0.238013698630137,count_with_pct,False,,,,,empty,False,0.196,229.0,1166.0,0.196,decimal_proportion_backcalc,False
85.0,40.0,False,0.45,18.0,40.0,0.45,decimal_proportion_backcalc,True,,,,,empty,False,,,,,empty,False,,,,,empty,False,,,,,empty,False,,,,,empty,False,40 (100%),40.0,40.0,1.0,count_with_pct,False,,,,,empty,False,,,,,empty,False,,,,,empty,False,,,,,empty,False,,,,,empty,False,,,,,empty,False,,,,,empty,False,,,,,empty,False,,,,,empty,False,,,,,empty,False
86.0,38.0,False,11 (29%),11.0,38.0,0.2894736842105263,count_with_pct,False,,,,,empty,False,,,,,empty,False,,,,,empty,False,,,,,empty,False,,,,,empty,False,38 (100%),38.0,38.0,1.0,count_with_pct,False,,,,,empty,False,10 (26%),10.0,38.0,0.2631578947368421,count_with_pct,False,,,,,empty,False,,,,,empty,False,,,,,empty,False,38 (100%),38.0,38.0,1.0,count_with_pct,False,,,,,empty,False,,,,,empty,False,,,,,empty,False,,,,,empty,False
87.0,106.0,False,0.1792452830188679,19.0,106.0,0.1792452830188679,decimal_proportion_backcalc,True,,,,,empty,False,,,,,empty,False,,,,,empty,False,,,,,empty,False,0.18867924528301888,20.0,106.0,0.18867924528301888,decimal_proportion_backcalc,True,"""Endotracheal tube 62 (58%)""",,,,unparseable,True,"""Noninvasive support 9 (10%)""",,,,unparseable,True,,,,,empty,False,"""Renal replacement therapy 5 (5%)""",,,,unparseable,True,"""Vasopressors 48 (45%)""",,,,unparseable,True,,,,,empty,False,,,,,empty,False,,,,,empty,False,"""COPD 28/106 (26%)""",28.0,106.0,0.2641509433962264,fraction,False,"""Current smoker 54/106 (51%)""",54.0,106.0,0.5094339622641509,fraction,False,"""Diabetes mellitus 11/106 (10%)""",11.0,106.0,0.10377358490566038,fraction,False
88.0,211.0,False,0.23923444976076555,50.0,211.0,0.23923444976076555,decimal_proportion_backcalc,True,,,,,empty,False,,,,,empty,False,,,,,empty,False,,,,,empty,False,,,,,empty,False,43.5% (91),,,,unparseable,True,Initial NIV was applied to most patients (72.2%; n = 151),,,,unparseable,True,,,,,empty,False,,,,,empty,False,,,,,empty,False,17.7% (37),,,,unparseable,True,,,,,empty,False,,,,,empty,False,211/211 (100%),211.0,211.0,1.0,fraction,False,,,,,empty,False,,,,,empty,False
89.0,100.0,False,0.36,36.0,100.0,0.36,decimal_proportion_backcalc,True,,,,,empty,False,0.3,30.0,100.0,0.3,decimal_proportion_backcalc,True,,,,,empty,False,,,,,empty,False,0.4,40.0,100.0,0.4,decimal_proportion_backcalc,True,1,100.0,100.0,1.0,standalone_one_backcalc,False,51,51.0,,,standalone_number,True,,,,,empty,False,,,,,empty,False,0.3,30.0,100.0,0.3,decimal_proportion_backcalc,False,0.95,95.0,100.0,0.95,decimal_proportion_backcalc,False,1,100.0,100.0,1.0,standalone_one_backcalc,False,,,,,empty,False,31/100 (31%),31.0,100.0,0.31,fraction,False,46/100 (46%),46.0,100.0,0.46,fraction,False,18/100 (18%),18.0,100.0,0.18,fraction,False
90.0,413.0,False,0.28329297820823246,117.0,413.0,0.28329297820823246,decimal_proportion_backcalc,True,,,,,empty,False,,,,,empty,False,,,,,empty,False,,,,,empty,False,0.31234866828087166,129.0,413.0,0.31234866828087166,decimal_proportion_backcalc,True,172 (41.64%),172.0,413.0,0.41646489104116224,count_with_pct,False,241 (58.35%),241.0,413.0,0.5835351089588378,count_with_pct,False,,,,,empty,False,,,,,empty,False,,,,,empty,False,81 (19.61%),81.0,413.0,0.19612590799031476,count_with_pct,False,,,,,empty,False,,,,,empty,False,"COPD, n (%) non-survivors 50 (42.7) survivors 159 (73.6) -> 209/413 (50.6%)",209.0,413.0,0.5060532687651331,fraction,False,"Cigarette smoking, n (%) non-survivors 78 (66.7) survivors 201 (67.9) -> 279/413 (67.55%)",279.0,413.0,0.6755447941888619,fraction,False,Diabetes mellitus non-survivors 24 (20.5) survivors 35 (11.8) -> 59/413 (14.28%),59.0,413.0,0.14285714285714285,fraction,False
91.0,317.0,False,0.3659305993690852,116.0,317.0,0.3659305993690852,decimal_proportion_backcalc,True,,,,,empty,False,,,,,empty,False,,,,,empty,False,,,,,empty,False,,,,,empty,False,233 (73.5%),233.0,317.0,0.7350157728706624,count_with_pct,False,61 (19.2%),61.0,318.0,0.1918238993710692,count_with_pct,False,,,,,empty,False,,,,,empty,False,183 (57.72%),183.0,317.0,0.5772870662460567,count_with_pct,False,,,,,empty,False,,,,,empty,False,,,,,empty,False,"COPD,n(%) historical 69(48.6) intervention 63(36) -> 132/317 (41.64%)",132.0,317.0,0.416403785488959,fraction,False,,,,,empty,False,"Diabetesmellitus,n(%) historical 15(10.6) intervention 28(16) -> 43/317 (13.56%)",43.0,317.0,0.13564668769716087,fraction,False
92.0,242.0,False,0.23553719008264462,57.0,242.0,0.23553719008264462,decimal_proportion_backcalc,True,0.23140495867768596,56.0,242.0,0.23140495867768596,decimal_proportion_backcalc,True,,,,,empty,False,,,,,empty,False,,,,,empty,False,0.2768595041322314,67.0,242.0,0.2768595041322314,decimal_proportion_backcalc,True,150 (62.0),,,,unparseable,True,,,,,empty,False,,,,,empty,False,,,,,empty,False,,,,,empty,False,89 (36.8),,,,unparseable,True,,,,,empty,False,54 (22.3),,,,unparseable,True,99/242 (40.9%) had previous COPD diagnosis,99.0,242.0,0.4090909090909091,fraction,False,Smokers 140/242 (57.9),140.0,242.0,0.5785123966942148,fraction,False,43/242 (17.8%) had diabetes mellitus,43.0,242.0,0.17768595041322313,fraction,False
95.0,36.0,False,,,,,empty,False,,,,,empty,False,,,,,empty,False,,,,,empty,False,,,,,empty,False,0.16666666666666666,6.0,36.0,0.16666666666666666,decimal_proportion_backcalc,True,Nine of these patients required mechanic ventilation.,,,,unparseable,True,,,,,empty,False,,,,,empty,False,,,,,empty,False,,,,,empty,False,,,,,empty,False,,,,,empty,False,,,,,empty,False,5/36 (13.88%),5.0,36.0,0.1388888888888889,fraction,False,,,,,empty,False,1/36 (2.77%),1.0,36.0,0.027777777777777776,fraction,False
96.0,210.0,False,0.10952380952380952,23.0,210.0,0.10952380952380952,decimal_proportion_backcalc,True,,,,,empty,False,0.20476190476190476,43.0,210.0,0.20476190476190476,decimal_proportion_backcalc,True,0.24285714285714285,51.0,210.0,0.24285714285714285,decimal_proportion_backcalc,True,,,,,empty,False,,,,,empty,False,Need of mechanical ventilation bQ 65 (63.1) bM 45 (42.5),,,,unparseable,True,,,,,empty,False,,,,,empty,False,,,,,empty,False,,,,,empty,False,Septic shock with the need for vasopressors bQ 50 (48.1) bM 41 (38.7),,,,unparseable,True,,,,,empty,False,,,,,empty,False,"COPD†, n (%) 31 (29.8) 36 (34.0) -> 67/210 (31.9%)",67.0,210.0,0.319047619047619,fraction,False,"Smoking, n (%) 37 (35.6) 42 (39.6) -> 79/210 (37.61%)",79.0,210.0,0.3761904761904762,fraction,False,"Diabetes, n (%) 16 (15.4) 23 (21.7) -> 39/210 (18.57%)",39.0,210.0,0.18571428571428572,fraction,False
97.0,328.0,False,,,,,empty,False,,,,,empty,False,0.16463414634146342,54.0,328.0,0.16463414634146342,decimal_proportion_backcalc,True,,,,,empty,False,,,,,empty,False,,,,,empty,False,274 (84%) required invasive ventilation,274.0,326.0,0.8404907975460123,count_with_pct,False,,,,,empty,False,,,,,empty,False,,,,,empty,False,,,,,empty,False,,,,,empty,False,,,,,empty,False,,,,,empty,False,,,,,empty,False,Current smoker 105/328 (32),105.0,328.0,0.3201219512195122,fraction,False,Diabetes mellitus 56/328 (17),56.0,328.0,0.17073170731707318,fraction,False
98.0,956.0,False,,,,,empty,False,,,,,empty,False,,,,,empty,False,0.2709205020920502,259.0,956.0,0.2709205020920502,decimal_proportion_backcalc,True,,,,,empty,False,,,,,empty,False,604 (63.3),,,,unparseable,True,107 (11.2),,,,unparseable,True,,,,,empty,False,63 (6.6),,,,unparseable,True,422 (44.1),,,,unparseable,True,325 (34.0),,,,unparseable,True,,,,,empty,False,,,,,empty,False,,,,,empty,False,"Smokers(>20pack-year),n(%) 243/956 (30.6)",243.0,956.0,0.25418410041841005,fraction,False,Diabetes 123/956 (12.9),123.0,956.0,0.12866108786610878,fraction,False
100.0,,False,0.2,,,0.2,decimal_proportion,False,,,,,empty,False,,,,,empty,False,,,,,empty,False,,,,,empty,False,,,,,empty,False,21 (52.5%),21.0,40.0,0.525,count_with_pct,False,,,,,empty,False,,,,,empty,False,,,,,empty,False,,,,,empty,False,22 (55.5%),22.0,40.0,0.55,count_with_pct,False,,,,,empty,False,,,,,empty,False,12/40 (33.3%),12.0,40.0,0.3,fraction,False,3/40 (8.6%),3.0,40.0,0.075,fraction,False,7/40 (20%),7.0,40.0,0.175,fraction,False
101.0,,True,0.26576576576576577,,,0.26576576576576577,decimal_proportion,False,,,,,empty,False,,,,,empty,False,,,,,empty,False,,,,,empty,False,0.2882882882882883,,,0.2882882882882883,decimal_proportion,False,186 (84),,,,unparseable,True,70 patients,,,,unparseable,True,,,,,empty,False,70 (32),,,,unparseable,True,,,,,empty,False,170 (76),,,,unparseable,True,"acute respiratory failure (n = 154),",,,,unparseable,True,100 (45),,,,unparseable,True,57/222 (26),57.0,222.0,0.25675675675675674,fraction,False,"Tobaccouse,n(%) 89/222 (40)",89.0,222.0,0.4009009009009009,fraction,False,32/222 (14),32.0,222.0,0.14414414414414414,fraction,False
102.0,217.0,False,,,,,empty,False,,,,,empty,False,0.14746543778801843,32.0,217.0,0.14746543778801843,decimal_proportion_backcalc,True,,,,,empty,False,,,,,empty,False,,,,,empty,False,ward triage % (95% CI) 52 (38–66) ICU triage % (95% CI) 23 (17–30),,,,unparseable,True,,,,,empty,False,,,,,empty,False,,,,,empty,False,ward triage % (95% CI) 34 (21–47) ICU triage % (95% CI)19 (13–24),,,,unparseable,True,,,,,empty,False,,,,,empty,False,,,,,empty,False,,,,,empty,False,,,,,empty,False,,,,,empty,False
104.0,265.0,False,0.3169811320754717,84.0,265.0,0.3169811320754717,decimal_proportion_backcalc,True,,,,,empty,False,,,,,empty,False,,,,,empty,False,,,,,empty,False,,,,,empty,False,188 (75.3%),188.0,250.0,0.752,count_with_pct,False,84 (32.3%),84.0,260.0,0.3230769230769231,count_with_pct,False,,,,,empty,False,,,,,empty,False,,,,,empty,False,121 (46.4%),121.0,261.0,0.46360153256704983,count_with_pct,False,,,,,empty,False,,,,,empty,False,14/265 (5.3),14.0,265.0,0.052830188679245285,fraction,False,Smoker 73/265 (27.7),73.0,265.0,0.27547169811320754,fraction,False,34/265 (12.8),34.0,265.0,0.12830188679245283,fraction,False
105.0,132.0,False,0.25,33.0,132.0,0.25,decimal_proportion_backcalc,True,,,,,empty,False,,,,,empty,False,,,,,empty,False,,,,,empty,False,,,,,empty,False,62 patients (47%),,,,unparseable,True,,,,,empty,False,,,,,empty,False,,,,,empty,False,,,,,empty,False,35 (26.5),,,,unparseable,True,132 (100%),132.0,132.0,1.0,count_with_pct,False,30 (22.7),,,,unparseable,True,51/132 (38.6),51.0,132.0,0.38636363636363635,fraction,False,79/132 (60),79.0,132.0,0.5984848484848485,fraction,False,21/132 (16),21.0,132.0,0.1590909090909091,fraction,False
106.0,49.0,False,0.24489795918367346,12.0,49.0,0.24489795918367346,decimal_proportion_backcalc,True,,,,,empty,False,,,,,empty,False,,,,,empty,False,,,,,empty,False,0.347,17.0,49.0,0.347,decimal_proportion_backcalc,True,25 (51.0),,,,unparseable,True,,,,,empty,False,,,,,empty,False,,,,,empty,False,,,,,empty,False,36 (73.5),,,,unparseable,True,,,,,empty,False,28 (57.1),,,,unparseable,True,16/49 (32.6%),16.0,49.0,0.32653061224489793,fraction,False,,,,,empty,False,10/49 (20.4%),10.0,49.0,0.20408163265306123,fraction,False
107.0,191.0,False,0.2198952879581152,42.0,191.0,0.2198952879581152,decimal_proportion_backcalc,True,,,,,empty,False,,,,,empty,False,,,,,empty,False,,,,,empty,False,0.246,47.0,191.0,0.246,decimal_proportion_backcalc,True,111/191 (58.1%),111.0,191.0,0.581151832460733,fraction,False,,,,,empty,False,,,,,empty,False,,,,,empty,False,,,,,empty,False,79 (41.3%),79.0,191.0,0.41361256544502617,count_with_pct,False,,,,,empty,False,,,,,empty,False,41/191 (21.4%),41.0,191.0,0.21465968586387435,fraction,False,,,,,empty,False,36/191 (18.8%),36.0,191.0,0.18848167539267016,fraction,False
109.0,90.0,False,,,,,empty,False,,,,,empty,False,,,,,empty,False,,,,,empty,False,,,,,empty,False,0.155,14.0,90.0,0.155,decimal_proportion_backcalc,True,Invasive MV 31/90 (33.4%),31.0,90.0,0.34444444444444444,fraction,False,,,,,empty,False,,,,,empty,False,,,,,empty,False,,,,,empty,False,Septic shock at ICU admission 30/90 (33.3%),30.0,90.0,0.3333333333333333,fraction,False,,,,,empty,False,,,,,empty,False,,,,,empty,False,,,,,empty,False,,,,,empty,False
110.0,111.0,False,0.26126126126126126,29.0,111.0,0.26126126126126126,decimal_proportion_backcalc,True,,,,,empty,False,,,,,empty,False,,,,,empty,False,,,,,empty,False,0.306,34.0,111.0,0.306,decimal_proportion_backcalc,True,1,111.0,111.0,1.0,standalone_one_backcalc,False,,,,,empty,False,,,,,empty,False,,,,,empty,False,"Weaned from vasopressors on D5, n (%) 30 (43.5)",,,,unparseable,True,"Septic shock at ICU admission, n (%) 69 (62.2)",,,,unparseable,True,,,,,empty,False,,,,,empty,False,28/111 (25.2%),28.0,111.0,0.25225225225225223,fraction,False,,,,,empty,False,,,,,empty,False
111.0,,True,,,,,empty,False,,,,,empty,False,0.10220994475138122,,,0.10220994475138122,decimal_proportion,False,,,,,empty,False,,,,,empty,False,,,,,empty,False,135 (44%),135.0,307.0,0.43973941368078173,count_with_pct,False,,,,,empty,False,,,,,empty,False,,,,,empty,False,,,,,empty,False,72 (20%),72.0,360.0,0.2,count_with_pct,False,,,,,empty,False,,,,,empty,False,59/362 (16%),59.0,362.0,0.16298342541436464,fraction,False,110/362 (31%),110.0,362.0,0.30386740331491713,fraction,False,70/362 (20%),70.0,362.0,0.19337016574585636,fraction,False
112.0,70.0,False,0.37142857142857144,26.0,70.0,0.37142857142857144,decimal_proportion_backcalc,True,,,,,empty,False,,,,,empty,False,,,,,empty,False,,,,,empty,False,,,,,empty,False,55 (78.5%),55.0,70.0,0.7857142857142857,count_with_pct,False,,,,,empty,False,,,,,empty,False,10 (14.3%),10.0,70.0,0.14285714285714285,count_with_pct,False,,,,,empty,False,34 (48.5%),34.0,70.0,0.4857142857142857,count_with_pct,False,,,,,empty,False,,,,,empty,False,,,,,empty,False,,,,,empty,False,11/70 (15.7%),11.0,70.0,0.15714285714285714,fraction,False
114.0,208.0,False,0.23557692307692307,49.0,208.0,0.23557692307692307,decimal_proportion_backcalc,True,,,,,empty,False,,,,,empty,False,,,,,empty,False,,,,,empty,False,No Steroids (n = 125) 21 (16.8). Steroids (n = 83) 28 (33.7),,,,unparseable,True,1,208.0,208.0,1.0,standalone_one_backcalc,False,,,,,empty,False,53 (25.5%),53.0,208.0,0.2548076923076923,count_with_pct,False,,,,,empty,False,128 (61.5%),128.0,208.0,0.6153846153846154,count_with_pct,False,,,,,empty,False,1,208.0,208.0,1.0,standalone_one_backcalc,False,1,208.0,208.0,1.0,standalone_one_backcalc,False,,,,,empty,False,,,,,empty,False,27/208 (13%),27.0,208.0,0.12980769230769232,fraction,False
119.0,112.0,False,0.5089285714285714,57.0,112.0,0.5089285714285714,decimal_proportion_backcalc,True,,,,,empty,False,,,,,empty,False,,,,,empty,False,,,,,empty,False,,,,,empty,False,,,,,empty,False,,,,,empty,False,,,,,empty,False,,,,,empty,False,,,,,empty,False,,,,,empty,False,,,,,empty,False,44/112,44.0,112.0,0.39285714285714285,fraction,False,,,,,empty,False,,,,,empty,False,,,,,empty,False
120.0,19.0,False,0.21052631578947367,4.0,19.0,0.21052631578947367,decimal_proportion_backcalc,True,,,,,empty,False,,,,,empty,False,,,,,empty,False,,,,,empty,False,,,,,empty,False,"21.1%, n= 4",,,,unparseable,True,"68.4%, n= 13",,,,unparseable,True,0,0.0,19.0,0.0,standalone_zero_backcalc,False,,,,,empty,False,1 (5.3%),1.0,19.0,0.05263157894736842,count_with_pct,False,,,,,empty,False,18 (94.7%),18.0,19.0,0.9473684210526315,count_with_pct,False,,,,,empty,False,,,,,empty,False,,,,,empty,False,4/19 (21.1%),4.0,19.0,0.21052631578947367,fraction,False
121.0,22.0,False,0.546 | in renal patients- 10/14,10.0,14.0,0.7142857142857143,fraction,False,,,,,empty,False,,,,,empty,False,,,,,empty,False,,,,,empty,False,,,,,empty,False,0.682 | 15/22 (68.2%),15.0,22.0,0.6818181818181818,fraction,False,0.273 | 6/22 (27.3%),6.0,22.0,0.2727272727272727,fraction,False,,,,,empty,False,0.182,4.0,22.0,0.182,decimal_proportion_backcalc,False,0.682 | 15/22 (68.2%),15.0,22.0,0.6818181818181818,fraction,False,,,,,empty,False,,,,,empty,False,,,,,empty,False,9/22 (41%),9.0,22.0,0.4090909090909091,fraction,False,,,,,empty,False,2/22 (9.1%) | 2/22 (9.09%),2.0,22.0,0.09090909090909091,fraction_compound,False
122.0,76.0,False,0.368,28.0,76.0,0.368,decimal_proportion_backcalc,True,,,,,empty,False,,,,,empty,False,,,,,empty,False,,,,,empty,False,55.26%.,,,,unparseable,True,0.868,66.0,76.0,0.868,decimal_proportion_backcalc,False,,,,,empty,False,,,,,empty,False,0.0657,5.0,76.0,0.0657,decimal_proportion_backcalc,False,,,,,empty,False,,,,,empty,False,,,,,empty,False,0.0921,7.0,76.0,0.0921,decimal_proportion_backcalc,False,13/76 (17.1%),13.0,76.0,0.17105263157894737,fraction,False,9/76 (11.8%),9.0,76.0,0.11842105263157894,fraction,False,11/76 (14.5%),11.0,76.0,0.14473684210526316,fraction,False
123.0,218.0,False,0.376,82.0,218.0,0.376,decimal_proportion_backcalc,True,,,,,empty,False,,,,,empty,False,,,,,empty,False,,,,,empty,False,,,,,empty,False,1,218.0,218.0,1.0,standalone_one_backcalc,False,,,,,empty,False,,,,,empty,False,,,,,empty,False,,,,,empty,False,0.757,165.0,218.0,0.757,decimal_proportion_backcalc,False,,,,,empty,False,,,,,empty,False,40/218 (18.3%),40.0,218.0,0.1834862385321101,fraction,False,,,,,empty,False,33/218 (15.1%),33.0,218.0,0.15137614678899083,fraction,False
126.0,72.0,False,0.138,10.0,72.0,0.138,decimal_proportion_backcalc,True,,,,,empty,False,,,,,empty,False,,,,,empty,False,,,,,empty,False,0.167,12.0,72.0,0.167,decimal_proportion_backcalc,True,20 (27.8%),20.0,72.0,0.2777777777777778,count_with_pct,False,14 (19.4%),14.0,72.0,0.19444444444444445,count_with_pct,False,,,,,empty,False,,,,,empty,False,,,,,empty,False,0.319,23.0,72.0,0.319,decimal_proportion_backcalc,False,,,,,empty,False,,,,,empty,False,7/72 (9.7%),7.0,72.0,0.09722222222222222,fraction,False,,,,,empty,False,,,,,empty,False
127.0,85.0,False,0.56,48.0,85.0,0.56,decimal_proportion_backcalc,True,,,,,empty,False,,,,,empty,False,,,,,empty,False,,,,,empty,False,,,,,empty,False,1,85.0,85.0,1.0,standalone_one_backcalc,False,,,,,empty,False,,,,,empty,False,,,,,empty,False,,,,,empty,False,,,,,empty,False,,,,,empty,False,,,,,empty,False,19/85 (22.5%),19.0,85.0,0.2235294117647059,fraction,False,,,,,empty,False,23/85 (27%),23.0,85.0,0.27058823529411763,fraction,False
131.0,17869.0,False,0.349,6236.0,17869.0,0.349,decimal_proportion_backcalc,True,,,,,empty,False,,,,,empty,False,,,,,empty,False,,,,,empty,False,0.494,8827.0,17869.0,0.494,decimal_proportion_backcalc,True,9751 (54.6%),9751.0,17859.0,0.5459992160815276,count_with_pct,False,,,,,empty,False,,,,,empty,False,877 (4.9%),877.0,17898.0,0.048999888255671024,count_with_pct,False,,,,,empty,False,1233 (6.8%),1233.0,18132.0,0.06800132362673726,count_with_pct,False,,,,,empty,False,152 (0.9%),152.0,16889.0,0.008999940789863225,count_with_pct,False,1309/17869 (7.3%),1309.0,17869.0,0.07325535844199452,fraction,False,,,,,empty,False,117/17869 (0.7%),117.0,17869.0,0.006547652358833735,fraction,False
132.0,428.0,False,25.2%%,108.0,428.0,0.252,pct_only_backcalc,True,,,,,empty,False,,,,,empty,False,,,,,empty,False,,,,,empty,False,,,,,empty,False,0.797,341.0,428.0,0.797,decimal_proportion_backcalc,False,,,,,empty,False,,,,,empty,False,,,,,empty,False,0.5,214.0,428.0,0.5,decimal_proportion_backcalc,False,,,,,empty,False,,,,,empty,False,,,,,empty,False,176/428 (41.1%),176.0,428.0,0.411214953271028,fraction,False,204/428 (47.6%),204.0,428.0,0.4766355140186916,fraction,False,102/428 (23.8%),102.0,428.0,0.2383177570093458,fraction,False
134.0,110.0,False,30 (27.3%),30.0,110.0,0.2727272727272727,count_with_pct,False,,,,,empty,False,,,,,empty,False,,,,,empty,False,,,,,empty,False,,,,,empty,False,65(59.09%),65.0,110.0,0.5909090909090909,count_with_pct,False,9 (8.2%),9.0,110.0,0.08181818181818182,count_with_pct,False,,,,,empty,False,,,,,empty,False,"42 (38.2%) - 16 Dopmine 14 dobutamie, 12noradrenaline",42.0,110.0,0.38181818181818183,count_with_pct,False,42(38.2%),42.0,110.0,0.38181818181818183,count_with_pct,False,92 (83.6%),92.0,110.0,0.8363636363636363,count_with_pct,False,25 (22.7%),25.0,110.0,0.22727272727272727,count_with_pct,False,,,,,empty,False,,,,,empty,False,,,,,empty,False
135.0,59.0,False,0.559,33.0,59.0,0.559,decimal_proportion_backcalc,True,,,,,empty,False,,,,,empty,False,,,,,empty,False,,,,,empty,False,,,,,empty,False,1,59.0,59.0,1.0,standalone_one_backcalc,False,,,,,empty,False,,,,,empty,False,,,,,empty,False,,,,,empty,False,1,59.0,59.0,1.0,standalone_one_backcalc,False,,,,,empty,False,,,,,empty,False,6/59 (10.1%),6.0,59.0,0.1016949152542373,fraction,False,,,,,empty,False,10/59 (16.9%),10.0,59.0,0.1694915254237288,fraction,False
136.0,72.0,False,0.429,31.0,72.0,0.429,decimal_proportion_backcalc,True,,,,,empty,False,0.6667,48.0,72.0,0.6667,decimal_proportion_backcalc,True,,,,,empty,False,0.8857,64.0,72.0,0.8857,decimal_proportion_backcalc,True,0.571,41.0,72.0,0.571,decimal_proportion_backcalc,True,0.764,55.0,72.0,0.764,decimal_proportion_backcalc,False,,,,,empty,False,,,,,empty,False,0.2361,17.0,72.0,0.2361,decimal_proportion_backcalc,False,,,,,empty,False,0.3888,28.0,72.0,0.3888,decimal_proportion_backcalc,False,0.625,45.0,72.0,0.625,decimal_proportion_backcalc,False,,,,,empty,False,12/72 (16.7%),12.0,72.0,0.16666666666666666,fraction,False,,,,,empty,False,9/72 (12.5%),9.0,72.0,0.125,fraction,False
139.0,210.0,False,0.235,49.0,210.0,0.235,decimal_proportion_backcalc,True,,,,,empty,False,,,,,empty,False,,,,,empty,False,,,,,empty,False,,,,,empty,False,0.5196,109.0,210.0,0.5196,decimal_proportion_backcalc,False,0.397,83.0,210.0,0.397,decimal_proportion_backcalc,False,,,,,empty,False,17/210 (8%),17.0,210.0,0.08095238095238096,fraction,False,,,,,empty,False,24/210 (11.4%),24.0,210.0,0.11428571428571428,fraction,False,,,,,empty,False,0.1,21.0,210.0,0.1,decimal_proportion_backcalc,False,85/210 (40.5%),85.0,210.0,0.40476190476190477,fraction,False,,,,,empty,False,15/210 (7.1%),15.0,210.0,0.07142857142857142,fraction,False
140.0,43.0,False,0.33,14.0,43.0,0.33,decimal_proportion_backcalc,True,,,,,empty,False,,,,,empty,False,,,,,empty,False,,,,,empty,False,,,,,empty,False,33/43 (76.7%),33.0,43.0,0.7674418604651163,fraction,False,,,,,empty,False,,,,,empty,False,12/43 (27.9%),12.0,43.0,0.27906976744186046,fraction,False,,,,,empty,False,17/43 (39.5%),17.0,43.0,0.3953488372093023,fraction,False,,,,,empty,False,,,,,empty,False,17/43 (39.5%),17.0,43.0,0.3953488372093023,fraction,False,33/43 (76.7%),33.0,43.0,0.7674418604651163,fraction,False,2/43 (4.6%),2.0,43.0,0.046511627906976744,fraction,False
142.0,144.0,False,66/144 (46%),66.0,144.0,0.4583333333333333,fraction,False,,,,,empty,False,,,,,empty,False,,,,,empty,False,,,,,empty,False,0.66,95.0,144.0,0.66,decimal_proportion_backcalc,True,1,144.0,144.0,1.0,standalone_one_backcalc,False,,,,,empty,False,,,,,empty,False,,,,,empty,False,0.48,69.0,144.0,0.48,decimal_proportion_backcalc,False,,,,,empty,False,,,,,empty,False,0.58,84.0,144.0,0.58,decimal_proportion_backcalc,False,,,,,empty,False,,,,,empty,False,,,,,empty,False
143.0,1989.0,False,,,,,empty,False,,,,,empty,False,0.256,509.0,1989.0,0.256,decimal_proportion_backcalc,True,,,,,empty,False,,,,,empty,False,,,,,empty,False,0.3936,783.0,1989.0,0.3936,decimal_proportion_backcalc,False,,,,,empty,False,,,,,empty,False,,,,,empty,False,0.2368,471.0,1989.0,0.2368,decimal_proportion_backcalc,False,,,,,empty,False,,,,,empty,False,,,,,empty,False,1075/1989 (54%),1075.0,1989.0,0.5404725992961287,fraction,False,,,,,empty,False,862/1989 (43.4%),862.0,1989.0,0.4333836098541981,fraction,False
144.0,96.0,False,0.32,31.0,96.0,0.32,decimal_proportion_backcalc,True,,,,,empty,False,,,,,empty,False,,,,,empty,False,,,,,empty,False,,,,,empty,False,0.73,70.0,96.0,0.73,decimal_proportion_backcalc,False,,,,,empty,False,,,,,empty,False,46/96 (48%),46.0,96.0,0.4791666666666667,fraction,False,0.63,60.0,96.0,0.63,decimal_proportion_backcalc,False,,,,,empty,False,,,,,empty,False,,,,,empty,False,19/96 (19.8%),19.0,96.0,0.19791666666666666,fraction,False,,,,,empty,False,16/96 (16.7%),16.0,96.0,0.16666666666666666,fraction,False
145.0,,False,,,,,empty,False,,,,,empty,False,,,,,empty,False,,,,,empty,False,,,,,empty,False,,,,,empty,False,,,,,empty,False,,,,,empty,False,,,,,empty,False,,,,,empty,False,,,,,empty,False,,,,,empty,False,,,,,empty,False,,,,,empty,False,,,,,empty,False,,,,,empty,False,,,,,empty,False
146.0,124.0,False,,,,,empty,False,,,,,empty,False,,,,,empty,False,,,,,empty,False,,,,,empty,False,30/124 (24.19%),30.0,124.0,0.24193548387096775,fraction,False,,,,,empty,False,,,,,empty,False,,,,,empty,False,,,,,empty,False,,,,,empty,False,24/124,24.0,124.0,0.1935483870967742,fraction,False,,,,,empty,False,26/124,26.0,124.0,0.20967741935483872,fraction,False,21/124 (16.93%),21.0,124.0,0.1693548387096774,fraction,False,,,,,empty,False,22/124 (17.74%),22.0,124.0,0.1774193548387097,fraction,False
147.0,273.0,False,0.322,88.0,273.0,0.322,decimal_proportion_backcalc,True,,,,,empty,False,,,,,empty,False,,,,,empty,False,,,,,empty,False,,,,,empty,False,0.256,70.0,273.0,0.256,decimal_proportion_backcalc,False,,,,,empty,False,,,,,empty,False,0.198,54.0,273.0,0.198,decimal_proportion_backcalc,False,,,,,empty,False,,,,,empty,False,,,,,empty,False,,,,,empty,False,62/273 (22.7%),62.0,273.0,0.2271062271062271,fraction,False,,,,,empty,False,64 (23.4%),64.0,274.0,0.23357664233576642,count_with_pct,False
149.0,13.0,False,0.154,2.0,13.0,0.154,decimal_proportion_backcalc,True,,,,,empty,False,,,,,empty,False,,,,,empty,False,,,,,empty,False,,,,,empty,False,1,13.0,13.0,1.0,standalone_one_backcalc,False,,,,,empty,False,,,,,empty,False,0.152,2.0,13.0,0.152,decimal_proportion_backcalc,False,,,,,empty,False,0.62,8.0,13.0,0.62,decimal_proportion_backcalc,False,,,,,empty,False,0.4,5.0,13.0,0.4,decimal_proportion_backcalc,False,2/13 (15.4%),2.0,13.0,0.15384615384615385,fraction,False,5/13 (38.5%),5.0,13.0,0.38461538461538464,fraction,False,1/13 (7.7%),1.0,13.0,0.07692307692307693,fraction,False
150.0,30.0,False,33%%,10.0,30.0,0.33,pct_only_backcalc,True,,,,,empty,False,,,,,empty,False,,,,,empty,False,,,,,empty,False,,,,,empty,False,0.5,15.0,30.0,0.5,decimal_proportion_backcalc,False,0.5,15.0,30.0,0.5,decimal_proportion_backcalc,False,,,,,empty,False,0.033,1.0,30.0,0.033,decimal_proportion_backcalc,False,,,,,empty,False,0.067,2.0,30.0,0.067,decimal_proportion_backcalc,False,,,,,empty,False,,,,,empty,False,30/30 (100%),30.0,30.0,1.0,fraction,False,,,,,empty,False,,,,,empty,False
151.0,103.0,False,,,,,empty,False,,,,,empty,False,,,,,empty,False,,,,,empty,False,,,,,empty,False,0.35,36.0,103.0,0.35,decimal_proportion_backcalc,True,0.835,86.0,103.0,0.835,decimal_proportion_backcalc,False,,,,,empty,False,,,,,empty,False,,,,,empty,False,0.73,75.0,103.0,0.73,decimal_proportion_backcalc,False,,,,,empty,False,,,,,empty,False,,,,,empty,False,,,,,empty,False,,,,,empty,False,,,,,empty,False
154.0,22.0,False,,,,,empty,False,0.364,8.0,22.0,0.364,decimal_proportion_backcalc,True,,,,,empty,False,,,,,empty,False,,,,,empty,False,,,,,empty,False,1,22.0,22.0,1.0,standalone_one_backcalc,False,,,,,empty,False,,,,,empty,False,,,,,empty,False,,,,,empty,False,,,,,empty,False,,,,,empty,False,1,22.0,22.0,1.0,standalone_one_backcalc,False,1/22 (4.5%),1.0,22.0,0.045454545454545456,fraction,False,,,,,empty,False,7/22 (31.8%),7.0,22.0,0.3181818181818182,fraction,False
155.0,127.0,False,,,,,empty,False,,,,,empty,False,,,,,empty,False,,,,,empty,False,,,,,empty,False,31/127 (24.4%),31.0,127.0,0.2440944881889764,fraction,False,0.251,32.0,127.0,0.251,decimal_proportion_backcalc,False,1,127.0,127.0,1.0,standalone_one_backcalc,False,,,,,empty,False,,,,,empty,False,,,,,empty,False,,,,,empty,False,,,,,empty,False,,,,,empty,False,,,,,empty,False,,,,,empty,False,,,,,empty,False
156.0,26.0,False,8/26 (30.8%),8.0,26.0,0.3076923076923077,fraction,False,0.192 | 5/26 (19.2%),5.0,26.0,0.19230769230769232,fraction,False,,,,,empty,False,,,,,empty,False,0.308 | 8/26 (30.8%),8.0,26.0,0.3076923076923077,fraction,False,,,,,empty,False,0.923 | 18/26 (69.2%),18.0,26.0,0.6923076923076923,fraction,False,10/26 (38.5%),10.0,26.0,0.38461538461538464,fraction,False,3/26 (11.5%),3.0,26.0,0.11538461538461539,fraction,False,0.154,4.0,26.0,0.154,decimal_proportion_backcalc,False,,,,,empty,False,0.385,10.0,26.0,0.385,decimal_proportion_backcalc,False,,,,,empty,False,0.923 | 24/26,24.0,26.0,0.9230769230769231,fraction,False,3/26 (11.5%),3.0,26.0,0.11538461538461539,fraction,False,,,,,empty,False,2/26 (7.7%),2.0,26.0,0.07692307692307693,fraction,False
157.0,125.0,False,,,,,empty,False,0.328,41.0,125.0,0.328,decimal_proportion_backcalc,True,,,,,empty,False,,,,,empty,False,,,,,empty,False,,,,,empty,False,,,,,empty,False,,,,,empty,False,,,,,empty,False,,,,,empty,False,,,,,empty,False,0.672,84.0,125.0,0.672,decimal_proportion_backcalc,False,,,,,empty,False,,,,,empty,False,12 (9.6%),12.0,125.0,0.096,count_with_pct,False,,,,,empty,False,18 (14.4%),18.0,125.0,0.144,count_with_pct,False
159.0,349.0,False,108/349,108.0,349.0,0.30945558739255014,fraction,False,103/349,103.0,349.0,0.29512893982808025,fraction,False,,,,,empty,False,,,,,empty,False,,,,,empty,False,,,,,empty,False,118/349,118.0,349.0,0.33810888252148996,fraction,False,34/349,34.0,349.0,0.09742120343839542,fraction,False,,,,,empty,False,,,,,empty,False,,,,,empty,False,107/349,107.0,349.0,0.30659025787965616,fraction,False,,,,,empty,False,,,,,empty,False,,,,,empty,False,,,,,empty,False,69/349,69.0,349.0,0.1977077363896848,fraction,False
160.0,101.0,False,0.5842,59.0,101.0,0.5842,decimal_proportion_backcalc,True,,,,,empty,False,,,,,empty,False,,,,,empty,False,,,,,empty,False,,,,,empty,False,1,101.0,101.0,1.0,standalone_one_backcalc,False,,,,,empty,False,,,,,empty,False,,,,,empty,False,,,,,empty,False,0.8911,90.0,101.0,0.8911,decimal_proportion_backcalc,False,,,,,empty,False,,,,,empty,False,,,,,empty,False,,,,,empty,False,,,,,empty,False
161.0,16985.0,False,0.064,1087.0,16985.0,0.064,decimal_proportion_backcalc,True,,,,,empty,False,,,,,empty,False,,,,,empty,False,,,,,empty,False,0.093,1580.0,16985.0,0.093,decimal_proportion_backcalc,True,0.281,4773.0,16985.0,0.281,decimal_proportion_backcalc,False,,,,,empty,False,,,,,empty,False,,,,,empty,False,,,,,empty,False,,,,,empty,False,,,,,empty,False,,,,,empty,False,,,,,empty,False,,,,,empty,False,,,,,empty,False
164.0,98.0,False,,,,,empty,False,,,,,empty,False,0.52,51.0,98.0,0.52,decimal_proportion_backcalc,True,,,,,empty,False,,,,,empty,False,,,,,empty,False,,,,,empty,False,,,,,empty,False,,,,,empty,False,,,,,empty,False,,,,,empty,False,survivors 5 vs non-survivors 17,,,,unparseable,True,,,,,empty,False,,,,,empty,False,,,,,empty,False,,,,,empty,False,,,,,empty,False
166.0,182.0,False,,,,,empty,False,,,,,empty,False,,,,,empty,False,,,,,empty,False,,,,,empty,False,Inpatient mortality: 14% SOC vs 8% CPA,,,,unparseable,True,52% SOC vs 65% CPA,,,,unparseable,True,,,,,empty,False,,,,,empty,False,,,,,empty,False,20% SOC vs 26% CPA,,,,unparseable,True,,,,,empty,False,,,,,empty,False,,,,,empty,False,88/182 (48.35%),88.0,182.0,0.4835164835164835,fraction,False,,,,,empty,False,66/182 (36.26%),66.0,182.0,0.3626373626373626,fraction,False
167.0,3519.0,False,,,,,empty,False,,,,,empty,False,,,,,empty,False,,,,,empty,False,,,,,empty,False,,,,,empty,False,0.729,2565.0,3519.0,0.729,decimal_proportion_backcalc,False,,,,,empty,False,,,,,empty,False,,,,,empty,False,0.45,1584.0,3519.0,0.45,decimal_proportion_backcalc,False,0.45,1584.0,3519.0,0.45,decimal_proportion_backcalc,False,,,,,empty,False,,,,,empty,False,,,,,empty,False,,,,,empty,False,,,,,empty,False
168.0,8732.0,False,,,,,empty,False,,,,,empty,False,,,,,empty,False,,,,,empty,False,,,,,empty,False,Early rehabilitation: 174/972 (17.9%) vs Control: 213/972 (21.9%),174.0,972.0,0.17901234567901234,fraction_compound,False,,,,,empty,False,,,,,empty,False,,,,,empty,False,281/8732 (3.22%),281.0,8732.0,0.03218048557031608,fraction,False,1931/8732 (22.11%),1931.0,8732.0,0.2211406321575813,fraction,False,,,,,empty,False,,,,,empty,False,,,,,empty,False,1706/8732 (19.54%),1706.0,8732.0,0.19537333944113605,fraction,False,,,,,empty,False,,,,,empty,False
170.0,71.0,False,,,,,empty,False,,,,,empty,False,,,,,empty,False,,,,,empty,False,,,,,empty,False,0.241,17.0,71.0,0.241,decimal_proportion_backcalc,True,0.85,60.0,71.0,0.85,decimal_proportion_backcalc,False,,,,,empty,False,,,,,empty,False,,,,,empty,False,,,,,empty,False,49% + 85%,,,,unparseable,True,,,,,empty,False,17%+54%,,,,unparseable,True,,,,,empty,False,,,,,empty,False,10/54 (18.52%),10.0,54.0,0.18518518518518517,fraction,False
172.0,101.0,False,0.55,56.0,101.0,0.55,decimal_proportion_backcalc,True,,,,,empty,False,,,,,empty,False,,,,,empty,False,,,,,empty,False,,,,,empty,False,1,101.0,101.0,1.0,standalone_one_backcalc,False,,,,,empty,False,,,,,empty,False,,,,,empty,False,,,,,empty,False,,,,,empty,False,1.0,101.0,101.0,1.0,standalone_one_backcalc,False,23.9%+21.8%,,,,unparseable,True,,,,,empty,False,,,,,empty,False,21/101 (20.79%),21.0,101.0,0.2079207920792079,fraction,False
173.0,161.0,False,,,,,empty,False,,,,,empty,False,0.26,42.0,161.0,0.26,decimal_proportion_backcalc,True,,,,,empty,False,,,,,empty,False,,,,,empty,False,50%+16%,,,,unparseable,True,,,,,empty,False,,,,,empty,False,,,,,empty,False,0.22,35.0,161.0,0.22,decimal_proportion_backcalc,False,,,,,empty,False,,,,,empty,False,,,,,empty,False,2/161 (32.30%),2.0,161.0,0.012422360248447204,fraction_pct_mismatch,True,,,,,empty,False,51/161 (31.68%),51.0,161.0,0.3167701863354037,fraction,False
174.0,64.0,False,Psittacosis: 2/13 (15.4%); Legionella: 11/51 (21.6%),2.0,13.0,0.15384615384615385,fraction_compound,False,,,,,empty,False,,,,,empty,False,,,,,empty,False,,,,,empty,False,0.203,13.0,64.0,0.203,decimal_proportion_backcalc,True,Psittacosis: 9/13 (69%); Legionella: 32/51 (63%),9.0,13.0,0.6923076923076923,fraction_compound,False,Legionella: 4/51 (8%); Psittacosis: 0/13 (0%),4.0,51.0,0.0784313725490196,fraction_compound,False,0.015,1.0,64.0,0.015,decimal_proportion_backcalc,False,Psittacosis 1/13 (8%); Legionella 10/51 (20%),1.0,13.0,0.07692307692307693,fraction_compound,False,Psittacosis 4/13 (31%); Legionella 20/51 (39%),4.0,13.0,0.3076923076923077,fraction_compound,False,Psittacosis 31%; Legionella 39%,,,,unparseable,True,,,,,empty,False,,,,,empty,False,,,,,empty,False,39/64 (60.94%),39.0,64.0,0.609375,fraction,False,,,,,empty,False
175.0,40.0,False,0.37,15.0,40.0,0.37,decimal_proportion_backcalc,True,,,,,empty,False,,,,,empty,False,,,,,empty,False,,,,,empty,False,0.37,15.0,40.0,0.37,decimal_proportion_backcalc,True,0.75,30.0,40.0,0.75,decimal_proportion_backcalc,False,,,,,empty,False,,,,,empty,False,,,,,empty,False,0.63,25.0,40.0,0.63,decimal_proportion_backcalc,False,,,,,empty,False,,,,,empty,False,,,,,empty,False,1/40 (2.50%),1.0,40.0,0.025,fraction,False,29/40 (72.50%),29.0,40.0,0.725,fraction,False,,,,,empty,False
179.0,800.0,False,,,,,empty,False,Hydrocortisone: 25/400 (6.2%)/Placebo: 47/395 (11.9%),25.0,400.0,0.0625,fraction_compound,False,,,,,empty,False,,,,,empty,False,,,,,empty,False,,,,,empty,False,19.5% vs 27.7%,156.0,800.0,0.195,pct_comparative_backcalc,False,,,,,empty,False,,,,,empty,False,,,,,empty,False,,,,,empty,False,,,,,empty,False,,,,,empty,False,,,,,empty,False,,,,,empty,False,,,,,empty,False,,,,,empty,False
180.0,108.0,False,,,,,empty,False,,,,,empty,False,,,,,empty,False,,,,,empty,False,,,,,empty,False,,,,,empty,False,,,,,empty,False,,,,,empty,False,,,,,empty,False,,,,,empty,False,,,,,empty,False,,,,,empty,False,,,,,empty,False,,,,,empty,False,,,,,empty,False,,,,,empty,False,,,,,empty,False
181.0,64.0,False,0.22,14.0,64.0,0.22,decimal_proportion_backcalc,True,,,,,empty,False,,,,,empty,False,,,,,empty,False,,,,,empty,False,,,,,empty,False,0.56,36.0,64.0,0.56,decimal_proportion_backcalc,False,1,64.0,64.0,1.0,standalone_one_backcalc,False,,,,,empty,False,,,,,empty,False,,,,,empty,False,,,,,empty,False,,,,,empty,False,,,,,empty,False,,,,,empty,False,,,,,empty,False,,,,,empty,False
182.0,529.0,False,0.279 | 148/529 (27.9%),148.0,529.0,0.27977315689981097,fraction,False,,,,,empty,False,,,,,empty,False,,,,,empty,False,,,,,empty,False,,,,,empty,False,349/529 (65.97%),349.0,529.0,0.6597353497164461,fraction,False,,,,,empty,False,,,,,empty,False,,,,,empty,False,,,,,empty,False,270/529 (51%),270.0,529.0,0.5103969754253308,fraction,False,,,,,empty,False,,,,,empty,False,196/529 (37.1%),196.0,529.0,0.3705103969754253,fraction,False,,,,,empty,False,121/529 (22.9%),121.0,529.0,0.22873345935727787,fraction,False
186.0,37.0,False,0.267,10.0,37.0,0.267,decimal_proportion_backcalc,True,,,,,empty,False,,,,,empty,False,,,,,empty,False,,,,,empty,False,,,,,empty,False,,,,,empty,False,,,,,empty,False,,,,,empty,False,,,,,empty,False,,,,,empty,False,,,,,empty,False,,,,,empty,False,,,,,empty,False,,,,,empty,False,,,,,empty,False,,,,,empty,False
187.0,65.0,False,,,,,empty,False,,,,,empty,False,0.4,26.0,65.0,0.4,decimal_proportion_backcalc,True,,,,,empty,False,,,,,empty,False,,,,,empty,False,0.415,27.0,65.0,0.415,decimal_proportion_backcalc,False,,,,,empty,False,,,,,empty,False,,,,,empty,False,,,,,empty,False,,,,,empty,False,,,,,empty,False,,,,,empty,False,30/65 (46.15%),30.0,65.0,0.46153846153846156,fraction,False,,,,,empty,False,19/65 (29.23%),19.0,65.0,0.2923076923076923,fraction,False
188.0,40.0,False,0.375,15.0,40.0,0.375,decimal_proportion_backcalc,True,,,,,empty,False,,,,,empty,False,,,,,empty,False,,,,,empty,False,,,,,empty,False,,,,,empty,False,,,,,empty,False,,,,,empty,False,,,,,empty,False,,,,,empty,False,,,,,empty,False,,,,,empty,False,,,,,empty,False,,,,,empty,False,,,,,empty,False,,,,,empty,False
189.0,96.0,False,0.385,37.0,96.0,0.385,decimal_proportion_backcalc,True,,,,,empty,False,,,,,empty,False,,,,,empty,False,,,,,empty,False,0.427,41.0,96.0,0.427,decimal_proportion_backcalc,True,,,,,empty,False,,,,,empty,False,,,,,empty,False,,,,,empty,False,,,,,empty,False,,,,,empty,False,,,,,empty,False,,,,,empty,False,,,,,empty,False,,,,,empty,False,,,,,empty,False
190.0,177.0,False,,,,,empty,False,,,,,empty,False,,,,,empty,False,,,,,empty,False,,,,,empty,False,0.467,83.0,177.0,0.467,decimal_proportion_backcalc,True,0.299,53.0,177.0,0.299,decimal_proportion_backcalc,False,31.8 ± 9.0 h overall; 33.0 ± 8.6 (success) vs 29.0 ± 9.5 (failure),,,,unparseable,True,,,,,empty,False,Need for dialysis 37.28% overall; 19.35% (success) vs 79.25% (failure),,,,unparseable,True,0.407,72.0,177.0,0.407,decimal_proportion_backcalc,False,,,,,empty,False,,,,,empty,False,,,,,empty,False,,,,,empty,False,99/177 (55.93%),99.0,177.0,0.559322033898305,fraction,False,99/177 (55.93%),99.0,177.0,0.559322033898305,fraction,False
191.0,128.0,False,54.5% vs. 34.7%,70.0,128.0,0.545,pct_comparative_backcalc,True,,,,,empty,False,,,,,empty,False,,,,,empty,False,,,,,empty,False,,,,,empty,False,,,,,empty,False,,,,,empty,False,,,,,empty,False,,,,,empty,False,,,,,empty,False,,,,,empty,False,,,,,empty,False,1,128.0,128.0,1.0,standalone_one_backcalc,False,,,,,empty,False,,,,,empty,False,,,,,empty,False
192.0,309.0,False,0.1739,54.0,309.0,0.1739,decimal_proportion_backcalc,True,,,,,empty,False,0.267,83.0,309.0,0.267,decimal_proportion_backcalc,True,0.329,102.0,309.0,0.329,decimal_proportion_backcalc,True,0.373,115.0,309.0,0.373,decimal_proportion_backcalc,True,0.26,80.0,309.0,0.26,decimal_proportion_backcalc,True,Gram+ 84.4% vs Gram− 86.7%,,,,unparseable,True,,,,,empty,False,,,,,empty,False,,,,,empty,False,Gram+ 64.4% vs Gram− 48.0%,,,,unparseable,True,,,,,empty,False,,,,,empty,False,Gram+ 25.6% vs Gram− 36.0%,,,,unparseable,True,41/165 (24.85%),41.0,165.0,0.24848484848484848,fraction,False,,,,,empty,False,22/165 (13.33%),22.0,165.0,0.13333333333333333,fraction,False
195.0,169.0,False,10.6,10.6,,,standalone_number,True,,,,,empty,False,,,,,empty,False,,,,,empty,False,,,,,empty,False,19.5,19.5,,,standalone_number,True,55.6% discordant vs 39.8% concordant,,,,unparseable,True,,,,,empty,False,,,,,empty,False,,,,,empty,False,,,,,empty,False,,,,,empty,False,,,,,empty,False,,,,,empty,False,32/169 (18.93%),32.0,169.0,0.1893491124260355,fraction,False,,,,,empty,False,,,,,empty,False
196.0,432.0,False,24.76,24.76,,,standalone_number,True,,,,,empty,False,0.31,134.0,432.0,0.31,decimal_proportion_backcalc,True,,,,,empty,False,,,,,empty,False,0.282,122.0,432.0,0.282,decimal_proportion_backcalc,True,432,432.0,,,standalone_number,True,0.15,65.0,432.0,0.15,decimal_proportion_backcalc,False,,,,,empty,False,,,,,empty,False,,,,,empty,False,Septic shock 106 (36%) in Non-ARDS patients and 45 (37%) in ARDS patients,,,,unparseable,True,,,,,empty,False,125 (29%) cases met the Berlin ARDS criteria; ARDS was present in 2% of hospitalised patients and 13% of ICU patients,125.0,431.0,0.2900232018561485,count_with_pct,False,131/432 (30.32%),131.0,432.0,0.30324074074074076,fraction,False,127/429 (29.60%),127.0,429.0,0.29603729603729606,fraction,False,101/432 (23.38%),101.0,432.0,0.2337962962962963,fraction,False
197.0,65.0,False,,,,,empty,False,,,,,empty,False,,,,,empty,False,,,,,empty,False,,,,,empty,False,,,,,empty,False,,,,,empty,False,,,,,empty,False,,,,,empty,False,10 (15%); Survivors 2 (4.4%); Non-survivors 8 (40.0%),10.0,67.0,0.14925373134328357,count_with_pct,False,,,,,empty,False,,,,,empty,False,,,,,empty,False,"263 patients (78%) met the diagnosis of severe influenza pneumonia-related ARDS; Of these 263 patients with ARDS, 65 patients (25%) receiving prone positioning were included for analysis",,,,unparseable,True,,,,,empty,False,,,,,empty,False,,,,,empty,False
198.0,99.0,False,,,,,empty,False,,,,,empty,False,,,,,empty,False,,,,,empty,False,,,,,empty,False,11 (21%) in the treatment group and 17 (37%) in the control group; in propensity-matched cohort 6 (17%) vs. 14 (39%),11.0,52.0,0.21153846153846154,count_with_pct,False,43 (81%) in treatment group; 36 (78%) in control group,43.0,53.0,0.8113207547169812,count_with_pct,False,,,,,empty,False,,,,,empty,False,19 (36%) in treatment group; 5 (11%) in control group,19.0,53.0,0.3584905660377358,count_with_pct,False,33 (62%) in treatment group; 22 (48%) in control group,33.0,53.0,0.6226415094339622,count_with_pct,False,,,,,empty,False,,,,,empty,False,12 (23%) in treatment group; 10 (22%) in control group,12.0,52.0,0.23076923076923078,count_with_pct,False,36/99 (36.36%),36.0,99.0,0.36363636363636365,fraction,False,,,,,empty,False,30/99 (30.30%),30.0,99.0,0.30303030303030304,fraction,False
199.0,185.0,False,,,,,empty,False,,,,,empty,False,0.08,15.0,185.0,0.08,decimal_proportion_backcalc,True,,,,,empty,False,,,,,empty,False,0.07,13.0,185.0,0.07,decimal_proportion_backcalc,True,81/185 (44%) overall; 72/156 (46%) indigenous; 9/29 (31%) non-indigenous,81.0,185.0,0.43783783783783786,fraction_compound,False,,,,,empty,False,,,,,empty,False,,,,,empty,False,0.64,118.0,185.0,0.64,decimal_proportion_backcalc,False,,,,,empty,False,,,,,empty,False,,,,,empty,False,48/185 (25.95%),48.0,185.0,0.2594594594594595,fraction,False,132/185 (71.35%),132.0,185.0,0.7135135135135136,fraction,False,110/185 (59.46%),110.0,185.0,0.5945945945945946,fraction,False
200.0,94.0,False,,,,,empty,False,,,,,empty,False,,,,,empty,False,,,,,empty,False,,,,,empty,False,2.4% (deescalation) vs 11.3% (non-deescalation),,,,unparseable,True,,,,,empty,False,,,,,empty,False,,,,,empty,False,,,,,empty,False,,,,,empty,False,,,,,empty,False,,,,,empty,False,,,,,empty,False,,,,,empty,False,,,,,empty,False,,,,,empty,False
201.0,3786.0,False,27.9% (1058/3786),1058.0,3786.0,0.27945060750132067,fraction,False,,,,,empty,False,23.7% (898/3786),898.0,3786.0,0.23718964606444798,fraction,False,,,,,empty,False,,,,,empty,False,32.4% (1226/3786),1226.0,3786.0,0.32382461701003695,fraction,False,,,,,empty,False,,,,,empty,False,,,,,empty,False,,,,,empty,False,,,,,empty,False,,,,,empty,False,,,,,empty,False,,,,,empty,False,,,,,empty,False,,,,,empty,False,,,,,empty,False
204.0,710.0,False,16.2% (115/710),115.0,710.0,0.1619718309859155,fraction,False,,,,,empty,False,,,,,empty,False,,,,,empty,False,,,,,empty,False,,,,,empty,False,32.4% (230/710),230.0,710.0,0.323943661971831,fraction,False,,,,,empty,False,,,,,empty,False,,,,,empty,False,,,,,empty,False,42.8% (304/710),304.0,710.0,0.428169014084507,fraction,False,,,,,empty,False,,,,,empty,False,,,,,empty,False,,,,,empty,False,,,,,empty,False
206.0,282.0,False,,,,,empty,False,,,,,empty,False,23% (65/282),65.0,282.0,0.23049645390070922,fraction,False,31.2% (88/282),88.0,282.0,0.3120567375886525,fraction,False,,,,,empty,False,33.7% (95/282),95.0,282.0,0.33687943262411346,fraction,False,,,,,empty,False,,,,,empty,False,,,,,empty,False,12% (34/282),34.0,282.0,0.12056737588652482,fraction,False,53.2% (150/282),150.0,282.0,0.5319148936170213,fraction,False,,,,,empty,False,,,,,empty,False,1,282.0,282.0,1.0,standalone_one_backcalc,False,,,,,empty,False,,,,,empty,False,,,,,empty,False
208.0,1608.0,False,,,,,empty,False,,,,,empty,False,30.85% (496/1608),496.0,1608.0,0.30845771144278605,fraction,False,,,,,empty,False,39.99% (643/1608),643.0,1608.0,0.39987562189054726,fraction,False,25.81% (415/1608),415.0,1608.0,0.25808457711442784,fraction,False,34.2% (550/1608),550.0,1608.0,0.3420398009950249,fraction,False,,,,,empty,False,,,,,empty,False,,,,,empty,False,44.15% (710/1608),710.0,1608.0,0.44154228855721395,fraction,False,,,,,empty,False,,,,,empty,False,,,,,empty,False,,,,,empty,False,,,,,empty,False,,,,,empty,False
